source,title,url,summary,tags,published,score,Primary,Secondary,group_id,group_size
Business of Fashion,Meta Invests $3.5 Billion in EssilorLuxottica in AI Glasses Push,https://www.businessoffashion.com/news/technology/meta-invests-35-billion-in-worlds-largest-eye-wear-maker-in-ai-glasses-push/,"Meta Plaforms Inc. bought a minority stake in EssilorLuxottica in a deal that increases the US tech giant’s commitment to the fast-growing smart glasses industry, according to people familiar with the matter.",[],2025-07-08T20:26:44,10,INDUSTRY,"M&A, PARTNERSHIP",ungrouped,1
Glossy,"With Dedcool, Erewhon launches its first fragrance-inspired smoothie",https://www.glossy.co/beauty/with-dedcool-erewhon-launches-its-first-fragrance-inspired-smoothie/?utm_campaign=glossydis&utm_medium=rss&utm_source=general-rss,"With the launch of a limited-edition vegan smoothie, Dedcool's Xtra Milk perfume is the latest product to get the coveted Erewhon smoothie treatment.","['Beauty', 'RevolutionBrandMarketingContentful']",2025-07-02T04:01:00,10,FRAGRANCE,"NEW LAUNCH, RETAIL STRATEGY, PARTNERSHIP",ungrouped,1
Business of Fashion,Worldview | Turkish and Chinese Fashion Factories Invest in Egypt,https://www.businessoffashion.com/articles/global-markets/worldview-egypt-entices-turkish-chinese-investors-factories/,"This week’s round-up of global markets fashion business news also features Nykaa’s Hong Kong investor, Reliance Retail in India and Nigeria’s mooted textile hub.",[],2025-07-08T09:02:18,10,INDUSTRY,"TARIFFS/SUPPLY CHAIN, RETAIL STRATEGY",ungrouped,1
Business of Fashion,Indie Fragrance Brands’ Big Athlete Opportunity,https://www.businessoffashion.com/articles/sports/athletes-fine-fragance-niche-ambassadors/,"Athletes are increasingly getting into fine fragrances, but so far indie fragrance brands haven't returned the favour. That may change as they realise sports stars offer access to a burgeoning new consumer market for scents: young men.",[],2024-12-10T05:30:00,9,FRAGRANCE,"GEN Z, PARTNERSHIP",ungrouped,1
Business of Fashion,Tween Retailer Claire’s Considers Bankruptcy for US Operations,https://www.businessoffashion.com/news/retail/claires-accessories-bankrupt-us-operations/,"Facing weak demand, increased import costs, and a significant debt burden, Claire’s Stores Inc. is contemplating bankruptcy for its US operations.",[],2025-07-10T13:39:40,8,RETAIL,"FINANCIALS, TARIFFS/SUPPLY CHAIN",ungrouped,1
Glossy,"Exclusive: 19 months after selling to private equity, JVN Hair enters Ulta Beauty",https://www.glossy.co/beauty/exclusive-19-months-after-selling-to-private-equity-jvn-hair-enters-ulta-beauty/?utm_campaign=glossydis&utm_medium=rss&utm_source=general-rss,"On July 20, JVN Hair, the brand founded by “Queer Eye” star Jonathan Van Ness, will launch at Ulta Beauty both online and in approximately 700 stores, about half of the retailer’s locations. JVN Hair was originally incubated in partnership with Amyris, which declared bankruptcy in August 2023. In December 2023, the private equity firm Windsong Global acquired JVN Hair at auction for $1.25 million.","['Beauty', 'Pop']",2025-07-08T04:00:00,8,RETAIL,"FINANCIALS, M&A",ungrouped,1
Business of Fashion,Satoshi Kuwata’s Perfume Dreams Come True,https://www.businessoffashion.com/articles/beauty/setchu-fragrance-launch-satoshi-kuwata-dover-street-market/,"Setchu’s debut collection of five fragrances will be sold at Dover Street Market in September after an unveiling at Pitti Fragranze in Milan, founder Satoshi Kuwata exclusively told The Business of Beauty.",[],2025-07-10T12:00:00,8,FRAGRANCE,"NEW LAUNCH, RETAIL STRATEGY",ungrouped,1
Business of Fashion,Uniqlo Owner’s Profit Misses Estimates on Weak China Sales,https://www.businessoffashion.com/news/global-markets/uniqlo-profit-misses-estimates-weak-china-sales-fast-retailing/,"Japanese apparel maker Fast Retailing reported third-quarter earnings below estimates, primarily due to a decline in mainland China revenue.",[],2025-07-10T10:11:24,7,INDUSTRY,FINANCIALS,ungrouped,1
Business of Fashion,Why the Time Is Right for a Gorpcore IPO,https://www.businessoffashion.com/briefings/sports/why-the-time-is-right-for-a-gorpcore-ipo/,"Amer Sports, the owner of Arc’teryx and Salomon is eyeing a US listing at a $10 billion valuation, even as fashion may be moving on from its outdoor fashion craze.",[],2023-09-08T16:08:19,7,INDUSTRY,FINANCIALS,ungrouped,1
Business of Fashion,"On Returns to Profit, Surpasses $1 Billion in Revenue",https://www.businessoffashion.com/news/sports/on-returns-to-profit-surpasses-1-billion-in-revenue/,"The fast-growing Swiss running footwear company reported net income of CHF 57.7 million ($62.4 million), up from a loss of CHF 170.2 million in 2021, sending the company’s stock up as much as 28 percent in early trading on Tuesday.",[],2023-03-21T14:43:59,7,INDUSTRY,FINANCIALS,ungrouped,1
Business of Fashion,New Balance’s $10 Billion Plan,https://www.businessoffashion.com/articles/sports/the-state-of-fashion-2025-report-new-balance-interview-joe-preston/,"As the brand races to hit eleven-digit annual sales, CEO Joe Preston opens up for The State of Fashion 2025 about what New Balance is doing that its rivals aren't, the company's unique approach to brand and athlete partnerships and how it plans to stay ahead in the innovation battle.",[],2025-01-06T05:30:00,7,BRAND,"PARTNERSHIP, FINANCIALS",ungrouped,1
Business of Fashion,Nike’s Plunging Sales Reveal the Difficult Task Ahead for Incoming CEO,https://www.businessoffashion.com/articles/sports/nikes-plunging-sales-reveal-the-difficult-task-ahead-for-incoming-ceo/,"Sales missed expectations and the company withdrew its guidance, laying bare the challenges facing Elliott Hill as he prepares to lead the brand.",[],2024-10-01T22:26:58,7,INDUSTRY,FINANCIALS,ungrouped,1
Business of Fashion,How Kiko Milano Built Pricing Power,https://www.businessoffashion.com/articles/beauty/state-of-fashion-beauty-bof-mckinsey-report-kiko-milano-interview-simone-dominici/,"The Italian cosmetics giant has deftly engineered a premiumisation strategy, and has elevated its distribution, product selection and points of differentiation, heavily reducing discounts and promotions in the process. Chief executive Simone Dominici explained how it deployed its strategy in The State of Fashion: Beauty Volume 2.",[],2025-06-24T04:30:00,7,BRAND,"RETAIL STRATEGY, FINANCIALS",ungrouped,1
Business of Fashion,Swiss Sneaker Company On Reports Record Quarterly Revenue of $560 Million,https://www.businessoffashion.com/news/sports/swiss-sneaker-company-on-reports-record-quarterly-revenue-of-560-million/,Fast-growing DTC sales helped the brand beat Wall Street expectations in the quarter ending March 31.,[],2024-05-14T14:04:03,7,INDUSTRY,FINANCIALS,ungrouped,1
Business of Fashion,UK’s Mulberry Raises $27 Million From Top Investors As Revenue Drops,https://www.businessoffashion.com/news/retail/mulberry-annual-revenue-drops-raises-capital-funding-shares-fell/,The British luxury brand secures fresh funding and board support amid declining sales.,[],2025-07-10T14:14:04,7,INDUSTRY,FINANCIALS,ungrouped,1
Business of Fashion,What Trump’s Latest Tariff Threats Mean for Fashion,https://www.businessoffashion.com/articles/retail/what-trumps-latest-tariff-threats-mean-for-fashion/,"US President Donald Trump shifted the deadline for tariffs to go into effect to Aug. 1, and turned up the heat with fresh rates and new threats. In some ways, it’s Liberation Day, part two — but fashion needs certainty more than ever.",[],2025-07-09T04:30:00,7,INDUSTRY,TARIFFS/SUPPLY CHAIN,ungrouped,1
Business of Fashion,Asian Economies in Rush To Cut Tariff Deals,https://www.businessoffashion.com/news/global-markets/trump-tariffs-asian-countries-manufacturing/,"The Trump administration announced rates that remained above 30 percent for manufacturing countries like Bangladesh, Cambodia and Thailand ahead of a new August 1st deadline.",[],2025-07-08T10:00:44,7,INDUSTRY,TARIFFS/SUPPLY CHAIN,ungrouped,1
Business of Fashion,Beneath the Surface of Women’s World Cup Marketing,https://www.businessoffashion.com/articles/sports/nike-adidas-womens-world-cup-football-equality-workers-rights-marketing/,"Companies like Nike and Adidas see big growth opportunities in women’s football. But while the game is often marketed with an inspirational wrapper of female empowerment, its growing prominence has also drawn attention to the persistent exploitation of largely women workers in the apparel and footwear supply chain.",[],2023-08-18T04:30:00,7,INDUSTRY,TARIFFS/SUPPLY CHAIN,ungrouped,1
Business of Fashion,Crunch Time for South Asia’s Fashion Manufacturers,https://www.businessoffashion.com/articles/global-markets/south-asia-fashion-manufacturers-garment-workers/,"Factory owners and garment workers in countries like India, Bangladesh and Sri Lanka are feeling frustrated and nervous as their governments scramble to negotiate trade deals to stave off the highest US tariffs ahead of president Donald Trump’s shifting timeline.",[],2025-07-10T09:53:57,7,INDUSTRY,TARIFFS/SUPPLY CHAIN,ungrouped,1
Glossy,Beauty & Wellness Briefing: Why Amazon Prime Days could look different for beauty this year,https://www.glossy.co/beauty/beauty-wellness-briefing-why-amazon-prime-days-could-look-different-for-beauty-this-year/?utm_campaign=glossydis&utm_medium=rss&utm_source=general-rss,"This week, I checked in with the firms tracking Amazon's recently-expanded Prime Days sale, which runs for two extra days this week, to learn how this year may look different for participating brands. Additionally, fragrance juggernaut Dsm-firmenich gets a new president, Target welcomes its latest social-first beauty brand, and Kate Moss shutters her 3-year-old beauty and wellness company.","['Beauty', 'Wellness', 'Glossy+', 'plus']",2025-07-08T04:02:00,7,RETAIL,"NEW LAUNCH, PARTNERSHIP",ungrouped,1
Beauty Independent,"The Limited, But Real Impact Of Trump’s Tips Tax Break For Hairstylists And Aestheticians",https://www.beautyindependent.com/the-limited-but-real-impact-of-trumps-tips-tax-break-for-hairstylists-and-aestheticians/,"Salon and spa employees will soon get a bit of extra income, courtesy of the federal government. Taking effect with the current tax year, service workers will be able to deduct up to $25,000 annually in tips from their federal income taxes under a no tax on tips ... The post The Limited, But Real Impact Of Trump’s Tips Tax Break For Hairstylists And Aestheticians appeared first on Beauty Independent .","['Retail Report', 'beauty service industry', 'beauty service providers', 'Big Beautiful Bill', 'hair salons', 'nail salons', 'One Big Beautiful Bill', 'President Donald Trump', 'spas', 'tax', 'tax cuts', 'tax deduction', 'tips']",2025-07-09T22:39:08,7,INDUSTRY,TAX,ungrouped,1
Beauty Independent,"Greycroft’s Brian Bustamante-Nicholson On His Mass Market Focus, The Agentic Web And Brand Durability",https://www.beautyindependent.com/greycroft-brian-bustamante-nicholson/,"Greycroft , the 19-year-old early-stage venture capital firm crossing consumer and technology, has been bolstering its consumer bench. After Katherine Power, who’s had founding roles in Versed, Merit, Avaline and Who What Wear, became a partner in 2023, Brian Bustamante-Nicholson, former managing director at Sonoma Brands, where he led investments in Power’s brands ... The post Greycroft’s Brian Bustamante-Nicholson On His Mass Market Focus, The Agentic Web And Brand Durability appeared first on Beauty Independent .","['Full Disclosure', 'Brian Bustamante-Nicholson', 'consumer investing', 'Eric Ryan', 'funding', 'fundraising', 'Greycroft', 'katherine power', 'vc', 'venture capital']",2025-07-08T23:47:25,7,INDUSTRY,"FUNDING, VENTURE CAPITAL",ungrouped,1
Business of Fashion,Amer Sports Raises Guidance After Strong Second-Quarter Earnings,https://www.businessoffashion.com/news/sports/amer-sports-raises-guidance-after-strong-second-quarter-earnings/,The Finnish sports conglomerate said sales at its Arc’teryx and Salomon brands grew by double-digit percentages.,[],2024-08-20T19:30:50,7,INDUSTRY,FINANCIALS,ungrouped,1
Business of Fashion,Trump Says Pharmaceutical Tariffs Could Reach 200%,https://www.businessoffashion.com/news/beauty/trump-says-pharmaceutical-tariffs-could-reach-200/,The Trump administration launched an investigation into the pharmaceutical industry in April as a bid to impose tariffs on the grounds that extensive reliance on foreign production of medicine is a national security threat.,[],2025-07-08T19:38:09,7,INDUSTRY,TARIFFS/SUPPLY CHAIN,ungrouped,1
Business of Fashion,Gymshark Lays Off 65 US Employees,https://www.businessoffashion.com/news/sports/gymshark-lays-off-65-us-employees/,"The UK-based activewear brand made the job cuts as part of a restructuring at its US offices in Denver, a spokesperson for the company told BoF on Thursday.",[],2023-01-26T15:00:29,7,INDUSTRY,FINANCIALS,ungrouped,1
Glossy,"Marketplaces drove 40% of e-commerce growth in 2024, according to new report",https://www.glossy.co/beauty/marketplaces-drove-40-of-e-commerce-growth-in-2024-according-to-new-report/?utm_campaign=glossydis&utm_medium=rss&utm_source=general-rss,"A report from marketplace and social commerce automation platform Cymbio published on Wednesday found that marketplaces drove more than 40% of total e-commerce growth in 2024. The report, using internal data from Cymbio as well as Capital One and Emarketer, found direct-to-consumer channels drove 25% of e-commerce growth. Cymbio estimates that marketplaces will drive 53% of growth by 2030.",['Beauty'],2025-07-09T04:00:00,7,INDUSTRY,FINANCIALS,ungrouped,1
Business of Fashion,Just Dough It!,https://www.businessoffashion.com/articles/beauty/bread-bakery-gourmand-fragrances-skinnytok/,"The rise of bread-inspired fragrances is a continuation of the Gen-Z gourmand trend, a nod to to the rise of 'comfort commerce' — and a potential link to the rise in #SkinnyTok content.",[],2025-07-11T12:00:00,7,FRAGRANCE,GEN Z,ungrouped,1
Business of Fashion,"Pressure Eases on Nike, But Problems Remain",https://www.businessoffashion.com/articles/sports/nike-earnings-john-donahoe-under-pressure/,"The sportswear giant posted flat sales in its latest quarterly report, beating Wall Street expectations. To fully recover, the business must demonstrate greater product innovation, analysts say.",[],2024-03-22T05:30:00,7,INDUSTRY,FINANCIALS,ungrouped,1
Business of Fashion,Adidas Plans to Still Use Yeezy Designs After Costly Divorce,https://www.businessoffashion.com/articles/sports/adidas-plans-to-still-use-yeezy-designs-after-costly-divorce/,The sportswear giant cut its profitability forecast for the fourth time this year as it continues to confront the fallout from its split with Ye.,[],2022-11-09T12:16:34,7,INDUSTRY,FINANCIALS,ungrouped,1
WWD,"L’Oréal Denies Claims of Hong Kong Office Closure, Layoffs",https://wwd.com/beauty-industry-news/fashion-features/loreal-denies-hong-kong-office-closure-layoffs-1237975737/,The company also noted the importance of capitalizing on the integrated market ecosystem and shifting consumer dynamics in the Greater Bay Area.,"['Fashion Features', 'China', 'L’Oréal']",2025-07-10T08:46:24,7,INDUSTRY,RETAIL STRATEGY,ungrouped,1
Business of Fashion,Adidas Facing Investor Pressure to Reveal Findings of Ye Investigation,https://www.businessoffashion.com/news/sports/adidas-facing-investor-pressure-to-reveal-findings-of-ye-investigation/,"On Thursday, German asset manager Union Investment — one of Adidas’ largest shareholders — is set to request the German sportswear giant discloses the findings of an internal inquest into the handling of misconduct allegations levelled at former collaborator Ye.",[],2023-05-09T14:56:00,7,INDUSTRY,FINANCIALS,ungrouped,1
Glossy,Ulta Strategies: How Ulta is leveraging its longtime salon business to boost sales through brand partnerships,https://www.glossy.co/beauty/ulta-strategies-how-ulta-is-leveraging-its-longtime-salon-business-to-boost-sales-through-brand-partnerships/?utm_campaign=glossydis&utm_medium=rss&utm_source=general-rss,"Ulta Beauty shoppers who have their hair or brows done within the retailer’s 1,400 in-store salons visit the store twice as often as those who only come in to shop. Now, after successful service partnerships with Cécred, Olaplex and Benefit, Megan Murray, Ulta Beauty’s vp of events and in-store experience, has big plans to build out more brand-centered activations with salon-focused marketing, including dedicated events.",['Beauty'],2025-07-07T04:02:00,7,RETAIL,"RETAIL STRATEGY, PARTNERSHIP",ungrouped,1
Business of Fashion,Adidas and Puma Bet on Running Shoes as Tariffs Loom,https://www.businessoffashion.com/news/sports/adidas-and-puma-bet-on-running-shoes-as-tariffs-loom/,The German sneaker makers are refocussing on running shoes to drive growth after losing market share in the category to smaller rivals Hoka and On Holding AG.,[],2025-07-10T16:09:39,7,INDUSTRY,TARIFFS/SUPPLY CHAIN,ungrouped,1
Business of Fashion,Ralph Lauren CEO Sees ‘Resilient’ Demand Amid Tariff Uncertainty,https://www.businessoffashion.com/news/luxury/ralph-lauren-ceo-sees-resilient-demand-amid-tariff-uncertainty/,Demand for the American luxury brand’s signature cable-knit sweaters and other core products remains strong.,[],2025-07-10T16:03:14,7,INDUSTRY,TARIFFS/SUPPLY CHAIN,ungrouped,1
Business of Fashion,Italy’s Cucinelli Posts 10.7% Increase in First Half Revenues,https://www.businessoffashion.com/news/luxury/brunello-cucinelli-increase-first-half-revenues/,The Italian luxury label posted stronger-than-expected revenues and reaffirmed double-digit growth targets through 2026.,[],2025-07-10T16:39:57,7,INDUSTRY,FINANCIALS,ungrouped,1
Business of Fashion,Salomon and Arc’teryx-Owner Amer Sports Reports Growing Sales and Profits,https://www.businessoffashion.com/news/sports/salomon-and-arcteryx-owner-amer-sports-reports-growing-sales-and-profits/,"The group cited the continued strength of its flagship brand, Arc’teryx, and strong performances across its portfolio in China.",[],2024-11-19T13:51:43,7,INDUSTRY,FINANCIALS,ungrouped,1
Business of Fashion,Selling to Consumers in Uncertain Times: What Executives Need to Know,https://www.businessoffashion.com/articles/retail/business-of-fashion-executive-roundtable-london/,"At The Business of Fashion’s roundtable in London, executive members and the editorial team explored why shoppers’ behaviour has become more unpredictable, and how brands can adjust.",[],2025-07-09T15:29:58,7,INDUSTRY,RETAIL STRATEGY,ungrouped,1
Business of Fashion,Amazon Prime Day Sales Plunge 41% in First Day of Four-Day Event,https://www.businessoffashion.com/articles/retail/amazon-prime-day-sales-plunge-41-in-first-day-of-four-day-event/,The annual event has emerged as a bellwether of consumer sentiment since President Donald Trump’s trade war clouded the economic outlook.,[],2025-07-09T18:46:23,7,INDUSTRY,TARIFFS/SUPPLY CHAIN,ungrouped,1
Business of Fashion,Canada Goose’s Private Equity Backer Weighs Stake Sale,https://www.businessoffashion.com/news/luxury/canada-goose-private-equity-backer-sells-stake-bain-capital/,"Bain Capital, the controlling shareholder of luxury parka maker Canada Goose, is reportedly exploring a sale of its stake.",[],2025-07-10T09:17:13,7,INDUSTRY,FINANCIALS,ungrouped,1
Business of Fashion,Tariff Turmoil Hits Vulnerable Fashion Manufacturers in Southeast Asia,https://www.businessoffashion.com/articles/global-markets/tariff-fashion-manufacturers-south-east-asia/,"Looming ‘reciprocal’ US tariffs threaten the profitability of larger suppliers and the viability of smaller ones in countries like Vietnam, Cambodia and Indonesia where some factories already face cancelled orders and worker layoffs.",[],2025-07-08T08:30:00,7,INDUSTRY,TARIFFS/SUPPLY CHAIN,ungrouped,1
Business of Fashion,"After US Tariffs, Jobs Hang by a Thread in Bangladesh’s Garments Sector",https://www.businessoffashion.com/news/global-markets/bangladesh-garment-sector-workers-us-tariffs-jobs/,"Bangladeshi garment workers fear job losses due to the US imposing a 35 percent tariff, threatening the country’s main export industry and the livelihoods of millions.",[],2025-07-09T11:07:02,7,INDUSTRY,TARIFFS/SUPPLY CHAIN,ungrouped,1
Business of Fashion,Even 190% Tariffs Can’t Shake US Shoemaker’s Reliance on China,https://www.businessoffashion.com/news/retail/tariffs-footwear-makers-us-businesses-china-manufacturing/,"As US-China tariffs escalate, US businesses find few viable alternatives to Chinese manufacturing.",[],2025-07-11T09:54:55,7,INDUSTRY,TARIFFS/SUPPLY CHAIN,ungrouped,1
Business of Fashion,S&P Cuts Saks’ Credit Rating Over New Financing Package,https://www.businessoffashion.com/news/retail/sp-cuts-saks-credit-rating-over-new-financing-package/,"The luxury retailer’s credit rating is now CC — 10 rungs beneath investment grade — a demotion that ‘reflects our view that the proposed financing transaction is tantamount to a default,’ S&amp;P said.",[],2025-07-09T19:13:31,7,INDUSTRY,FINANCIALS,ungrouped,1
Business of Fashion,Ulta Beauty Acquires Space NK,https://www.businessoffashion.com/news/beauty/ulta-beauty-buys-space-nk-british-retailer/,The deal gives the US specialty retailer a strong footprint in the UK market as it looks to drive international growth.,[],2025-07-10T11:52:43,6,RETAIL,M&A,ungrouped,1
Beauty Independent,"Indie Haircare Brand Bounce Curl Has Spent Over $500K Fighting 130,000 Copycats Of Its Viral Brush",https://www.beautyindependent.com/indie-haircare-brand-bounce-curl-copycats-brush/,"Founder Merian Odesho isn’t timid about protecting Bounce Curl’s intellectual property. Since it released the viral Define EdgeLift Brush in 2023, she’s fought to have links to more than 130,000 copycats removed and brought thousands of companies to court. She estimates Bounce Curl has spent over $500,000 in legal fees to combat imitators, ... The post Indie Haircare Brand Bounce Curl Has Spent Over $500K Fighting 130,000 Copycats Of Its Viral Brush appeared first on Beauty Independent .","['Brand Report', 'BIPOC owned beauty brand', 'bounce curl', 'copycat', 'counterfeit', 'curly hair', 'define edgelift brush', 'dupe brands', 'dupe culture', 'dupes', 'Instagram', 'Sephora Accelerate', 'sephora accelerate 2025', 'tiktok', 'viral']",2025-07-11T01:28:31,6,BRAND,"TIKTOK, GEN Z, PARTNERSHIP",ungrouped,1
Business of Fashion,Rethinking Success Metrics for Brand Ambassadors,https://www.businessoffashion.com/articles/marketing-pr/rethinking-success-metrics-for-brand-ambassadors/,"Alison Bringé, chief marketing officer at Launchmetrics, Nicole Baum, global head of marketing at Moschino, and Carlota Rodben, founder of Beyond Luxury Group and co-founder of Memora, share their insights on building culturally fluent partnerships — leveraging micro-creators and combining qualitative signals with performance data to drive brand impact.",[],2025-07-10T07:42:35,6,MARKETING,"GEN Z, PARTNERSHIP",ungrouped,1
Beauty Independent,Ulta Beauty Buys Space NK To Challenge Sephora In The UK,https://www.beautyindependent.com/ulta-beauty-buys-space-nk/,"To establish a formidable beachhead beyond American borders and travel to territory that competitor Sephora recently reentered, Ulta Beauty is taking over British chain Space NK . The deal will give the beauty specialty retailer 83 locations in the United Kingdom and Ireland. Sephora has seven locations ... The post Ulta Beauty Buys Space NK To Challenge Sephora In The UK appeared first on Beauty Independent .","['Deal Flow', 'beauty acquisitions', 'beauty M&A', 'beauty retail', 'brick-and-mortar retail', 'british beauty', 'global expansion', 'M&A', 'retail', 'Sephora', 'Space NK', 'Ulta', 'Ulta Beauty']",2025-07-11T02:56:45,6,RETAIL,M&A,ungrouped,1
Business of Fashion,Why Ulta Beauty Bought Space NK,https://www.businessoffashion.com/articles/beauty/why-did-ulta-buy-space-nk/,"The US retailer’s surprise buyout of the London-based upmarket chain is in line  with its recent business overall, which puts global expansion at the core of future growth.",[],2025-07-10T22:12:17,6,RETAIL,M&A,ungrouped,1
WWD,"Setchu to Launch Fragrances, Named Special Guest of Pitti Fragranze",https://wwd.com/beauty-industry-news/fragrance/setchu-perfume-fragrance-launch-pitti-fragranze-special-guest-1237976583/,"Japanese designer Satoshi Kuwata will introduce his first perfume collection at the Florence-based niche perfumery trade show, running Sept. 12 to 14.","['Fragrance', 'fashion designer', 'Italy', 'LVMH']",2025-07-10T16:16:37,6,FRAGRANCE,NEW LAUNCH,ungrouped,1
Business of Fashion,Why Athletes Are Beauty’s Real MVPs,https://www.businessoffashion.com/articles/sports/athletes-beauty-influencers-partnerships-nba-nfl/,"Gen-Z sports stars like Angel Reese and Shai Gilgeous-Alexander have become unlikely ambassadors for cosmetics brands, connecting them to underserved communities. Some are even bypassing partnerships to launch beauty ventures of their own.",[],2023-06-12T04:30:00,6,MARKETING,"GEN Z, PARTNERSHIP",ungrouped,1
Business of Fashion,Building Brand Communities and Lasting Consumer Connections,https://www.businessoffashion.com/articles/marketing-pr/building-brand-communities-and-lasting-consumer-connections-inspire-loyalty/,"The Business of Fashion and Klaviyo — a CRM platform for B2C businesses, working with the likes of The Body Shop, Castore, Paul Smith and Dermalogica — hosted a panel event on how brands can capture consumer attention and inspire loyalty in an oversaturated market. Now, BoF shares insights from the discussion.",[],2025-07-09T04:00:00,6,MARKETING,"RETAIL STRATEGY, PARTNERSHIP",ungrouped,1
Glossy,Ulta Beauty acquires UK retailer Space NK to power its international expansion,https://www.glossy.co/beauty/ulta-beauty-acquires-uk-retailer-space-nk-to-power-its-international-expansion/?utm_campaign=glossydis&utm_medium=rss&utm_source=general-rss,"Ulta Beauty announced Thursday that it has purchased U.K.-based specialty beauty retailer SpaceNK Limited from PE firm Manzanita Capital. Space NK currently operates 83 specialty beauty stores across the UK and Ireland and sold its internal U.S. distribution company, which served Bloomingdale’s and Nordstrom, to PCA Companies in 2024. Ulta Beauty’s acquisition will help to fuel CEO Kecia Steelman’s “Ulta Beauty Unleashed” plan, which also includes international expansion through global franchise managers into Mexico City, Kuwait City and Dubai later this year.",['Beauty'],2025-07-10T17:30:57,6,RETAIL,M&A,ungrouped,1
WWD,Olehenriksen Doubles Down on Gen Z With Peach Glaze Collection Launch,https://wwd.com/beauty-industry-news/skin-care/olehenriksen-peach-glaze-skin-lip-treatment-serum-sephora-1237975031/,"The Danish skin care brand, recently viral for its Pout Preserve lip balm, aims to build a new Gen Z hero with Peach Glaze.","['Skin Care', 'launches', 'skincare', 'tiktok']",2025-07-10T04:01:00,6,BRAND,"NEW LAUNCH, GEN Z, TIKTOK",ungrouped,1
Glossy,Fashion Briefing: J.Crew is betting on global activations amid rising American interest in Europe,https://www.glossy.co/fashion/fashion-briefing-j-crew-is-betting-on-global-activations-amid-rising-american-interest-in-europe/?utm_campaign=glossydis&utm_medium=rss&utm_source=general-rss,"In this week's Fashion Briefing, a look at J.Crew's focus on Europe, which aligns with consumers' interests. Also, early insights from Prime Day and back-to-school, executive moves at Parker Thatch and Vuori, and news to know.","['Fashion', 'Glossy+', 'plus', 'RevolutionBrandMarketingContentful']",2025-07-10T17:00:00,6,MARKETING,"RETAIL STRATEGY, GEN Z",ungrouped,1
Glossy,"Luxury Briefing: As Wimbledon kicks off, tenniscore gets a fashion-forward update",https://www.glossy.co/fashion/luxury/as-wimbledon-kicks-off-tenniscore-gets-a-fashion-forward-update/?utm_campaign=glossydis&utm_medium=rss&utm_source=general-rss,"In this week's luxury briefing, we dive into how luxury fashion is approaching a post-""Challengers"" tennis fashion landscape at Wimbledon and beyond. Also, why casualization is happening in men's fashion, what products luxury customers are actually buying, executive moves, the latest Glossy Podcast and news to know.","['Fashion', 'Luxury', 'Glossy+', 'plus']",2025-07-02T04:03:00,6,MARKETING,"GEN Z, RETAIL STRATEGY",ungrouped,1
Glossy,"Meet Mallory Brooks, aka @plzdontbuythat, TikTok’s ultimate de-influencer",https://www.glossy.co/pop/meet-mallory-brooks-aka-plzdontbuythat-tiktoks-ultimate-de-influencer/?utm_campaign=glossydis&utm_medium=rss&utm_source=general-rss,"On TikTok, Brooks doles out wisdom about how to be an informed shopper — especially when it comes to influencer-founded brands. She has investigated the quality of buzzy brands including Set Active, Parke, Daily Drills, Nuuds and Daphne.","['Fashion', 'Pop']",2025-07-07T04:00:00,6,BRAND,"TIKTOK, GEN Z",ungrouped,1
Glossy,"Glossy Pop Newsletter: When it comes to brand trips, is all press good press?",https://www.glossy.co/pop/glossy-pop-newsletter-when-it-comes-to-brand-trips-is-all-press-good-press/?utm_campaign=glossydis&utm_medium=rss&utm_source=general-rss,"Over the weekend, TikTok was flooded with posts of major influencers partying in Tulum with the electrolytes brand Waterboy. At the same time, dozens of posts criticizing the brand’s social media strategy for the trip began circulating: Why weren't the influencers showing the products? And don't electrolytes help thwart hangovers? Why, then, were they posting about how hungover they were? The marketing experts on TikTok (read: everyone) had questions.","['Beauty', 'Pop', 'Wellness']",2025-07-04T04:02:00,6,MARKETING,"TIKTOK, GEN Z",ungrouped,1
WWD,Ulta Beauty Acquires Space NK as It Speeds Up International Expansion,https://wwd.com/beauty-industry-news/ulta-beauty-acquires-space-nk-international-expansion-1237975303/,"The acquisition is a key part of Ulta Beauty's wider international growth strategy, as it gears up to launch in Mexico and the Middle East.","['acquisition', 'beauty', 'retail', 'Ulta Beauty']",2025-07-10T11:15:00,6,RETAIL,M&A,ungrouped,1
Business of Fashion,Puig’s CEO Knows How Brands Can Cut Through the Noise,https://www.businessoffashion.com/articles/beauty/state-of-fashion-beauty-bof-mckinsey-report-puig-interview-marc-puig/,"The elevated feel of prestige beauty can seem out of place ina digital world that rewards instant impact and short-term virality. Marc Puig, chairman and chief executive of Spanish beauty conglomerate Puig, told The State of Fashion: Beauty Volume 2 that marketing success requires fresh thinking.",[],2025-07-09T04:30:00,6,INDUSTRY,MARKETING,ungrouped,1
Business of Fashion,A Pop From Colour: Watch Brands Turn to Bold Hues to Boost Sales,https://www.businessoffashion.com/articles/luxury/watch-brands-colours-boost-sales-rolex-luxury/,"From Tiffany blue to Barbie pink, distinctive colours are driving consumer interest in a slowing watch market, helping industry giants like Rolex and startups like Norqain alike court new buyers — especially younger collectors and women.",[],2025-07-09T04:30:00,6,BRAND,"NEW LAUNCH, GEN Z",ungrouped,1
Business of Fashion,Aritzia’s US Sales Jump as Expansion Southward Bears Fruit,https://www.businessoffashion.com/news/retail/aritzia-us-sales-increase-expansion-grow-southward/,"The Canadian retailer exceeded US sales expectations in its fiscal first quarter, largely due to aggressive expansion efforts.",[],2025-07-11T09:43:18,6,RETAIL,FINANCIALS,ungrouped,1
Business of Fashion,How Angel Reese Became the WNBA’s Fashion All-Star,https://www.businessoffashion.com/articles/sports/angel-reese-launch-bof-500-class-of-2024-fashion-industry-models-muses/,"As a basketball player for Louisiana State University, Reese was a force on and off the court, winning everything there was to win and earning the nickname “Bayou Barbie” for her fierce looks. Now, the breakout WNBA star and BoF 500 member is making waves in fashion and beauty — from pre-game “tunnel walks” to red carpet appearances — and netting deals with major brands.",[],2024-10-03T04:27:00,6,MARKETING,"PARTNERSHIP, GEN Z",ungrouped,1
Glossy,Condé Nast and Hearst strike Amazon AI licensing deals for Rufus,https://www.glossy.co/fashion/conde-nast-and-hearst-strike-amazon-ai-licensing-deals-for-rufus/?utm_campaign=glossydis&utm_medium=rss&utm_source=general-rss,Condé Nast and Hearst have joined the New York Times in signing a licensing deal with Amazon for its AI-powered shopping assistant Rufus.,['Fashion'],2025-07-10T04:00:00,5,RETAIL,PARTNERSHIP,ungrouped,1
Glossy,"Glossy Podcast: Prime Day data, Meta’s EssilorLuxottica investment, a New Guards Group update — and fashion brands’ Amazon playbook",https://www.glossy.co/podcasts/glossy-podcast-prime-day-data-metas-essilorluxottica-investment-a-new-guards-group-update-and-fashion-brands-amazon-playbook/?utm_campaign=glossydis&utm_medium=rss&utm_source=general-rss,"This week, we’re putting the focus on Amazon’s Prime Day event, along with the counter-programming from some of its biggest rivals like Walmart. Early data indicates that people may have shopped less this Prime Day, and when they are shopping, two-thirds of their purchases are under $20.","['Fashion', 'Podcasts']",2025-07-11T04:00:00,5,RETAIL,RETAIL STRATEGY,ungrouped,1
Business of Fashion,Palace Founder Lev Tanju Joins Fila,https://www.businessoffashion.com/news/sports/palace-founder-lev-tanju-joins-fila/,"Lev Tanju, founder of British streetwear brand Palace Skateboards, will join Fila as creative director of its new Fila+ line offering an “elevated take on sportswear,” the brand said Friday.",[],2024-01-12T10:55:07,5,BRAND,"NEW LAUNCH, PARTNERSHIP",ungrouped,1
Business of Fashion,Adidas Will Sell Its Yeezy Inventory,https://www.businessoffashion.com/articles/sports/adidas-yeezy-inventory-investigation-kanye-west/,"At its annual meeting Thursday, the company confirmed plans to sell its remaining stock of Yeezy sneakers rather than destroy the merchandise. Adidas also told investors that an investigation into Ye’s workplace misconduct did not substantiate claims of harassment.",[],2023-05-11T19:48:30,5,BRAND,FINANCIALS,ungrouped,1
Business of Fashion,Salomon’s XT-6 Sneakers Help ‘Sportstyle’ Division to Sales of $165 Million Through Q3,https://www.businessoffashion.com/articles/sports/salomon-arcteryx-wilson-amer-sports-ipo/,"The sportswear brand surpassed $1 billion in revenue in 2022, buoyed by soaring demand for its fashion-forward performance products, parent-company Amer Sports’ IPO filing revealed.",[],2024-01-05T13:50:21,5,BRAND,FINANCIALS,ungrouped,1
Business of Fashion,Amina Muaddi Opens Its First-Ever Store,https://www.businessoffashion.com/news/retail/amina-muaddi-opens-its-first-ever-store/,The new Paris boutique is the first freestanding location for the seven-year-old women’s footwear brand.,[],2025-07-09T18:14:39,5,BRAND,"NEW LAUNCH, RETAIL STRATEGY",ungrouped,1
Business of Fashion,Exclusive: Heron Preston Buys Back Brand From New Guards Group,https://www.businessoffashion.com/news/professional/heron-preston-independence-new-guards-group/,The New York City-based label follows other designer brands who have recently separated from the Italian fashion incubator.,[],2025-07-09T04:30:00,5,BRAND,M&A,ungrouped,1
Business of Fashion,Sneaker Brand On to Launch New Line With FKA Twigs,https://www.businessoffashion.com/articles/sports/fka-twigs-on-running-partnership-activewear/,"The British musician will collaborate with the Swiss brand on a collection of training apparel, and will serve as the face of their first collection to be released in August.",[],2024-04-29T04:30:00,5,BRAND,"NEW LAUNCH, PARTNERSHIP",ungrouped,1
Business of Fashion,Adidas Improves Full-Year Guidance as Post-Yeezy Recovery Continues,https://www.businessoffashion.com/news/sports/adidas-improves-full-year-guidance-as-post-yeezy-recovery-continues/,"The German sportswear giant upgraded its profit forecast once again as the popularity of its Samba and Gazelle sneakers continues to boost sales, while the brand said it expects to sell the last of its Yeezy stock this year.",[],2024-07-16T16:43:29,5,BRAND,FINANCIALS,ungrouped,1
Glossy,"Debut Biotech’s Joshua Britton on the breakthrough beetle pigment set to disrupt beauty, plus Amazon Prime sale news",https://www.glossy.co/podcasts/debut-biotechs-joshua-britton-on-the-breakthrough-beetle-pigment-set-to-disrupt-beauty-plus-amazon-prime-sale-news/?utm_campaign=glossydis&utm_medium=rss&utm_source=general-rss,"What do beetles and red lipstick have in common? More than you may think. Joshua Britton, founder and CEO of L’Oreal-backed Debut, joins the Glossy Beauty Podcast to discuss a biotechnology breakthrough that could soon impact a large segment of the beauty industry — and save millions of female cochineal beetles currently used in cosmetics manufacturing today.","['Beauty', 'Podcasts']",2025-07-10T04:01:00,5,BRAND,"NEW LAUNCH, PARTNERSHIP",ungrouped,1
Business of Fashion,TikTok Prepares US App With Its Own Algorithm and User Data,https://www.businessoffashion.com/news/technology/tiktok-prepares-us-app-with-its-own-algorithm-and-user-data/,The move could open the door to resolving years of debate over whether the company would share what is considered the crown jewel of the ByteDance-owned short video-sharing platform.,[],2025-07-10T16:14:22,5,RETAIL,TIKTOK,ungrouped,1
Business of Fashion,Levi Sees Robust Revenue Growth Mostly Offsetting Tariff Impact,https://www.businessoffashion.com/news/retail/levi-sees-robust-revenue-growth-mostly-offsetting-tariff-impact/,The results suggest that efforts to branch into new products and categories — part of the company’s focus on what it calls 'head-to-toe denim lifestyle' — are paying off.,[],2025-07-10T20:37:47,5,BRAND,TARIFFS/SUPPLY CHAIN,ungrouped,1
Glossy,Exclusive: Ulta doubles down on K-beauty with 13 new brands,https://www.glossy.co/beauty/glossy-pop-newsletter-exclusive-ulta-doubles-down-on-k-beauty-with-13-new-brands/?utm_campaign=glossydis&utm_medium=rss&utm_source=general-rss,"On Friday, Ulta Beauty announced the introduction of 13 new K-beauty brands across makeup and skin care to its e-commerce site. The new brands will launch in-store throughout the summer.","['Beauty', 'Pop']",2025-07-11T04:02:00,5,RETAIL,NEW LAUNCH,ungrouped,1
Business of Fashion,Gap Inc. and Athleta Invest $1 Million in Footwear and Apparel Start-up Saysh,https://www.businessoffashion.com/news/sports/gap-athleta-investment-allyson-felix-activewear/,The San Francisco-based apparel retailer invested in the label which was founded in June 2021 by the American Olympic sprinter Allyson Felix and her brother Wes Felix.,[],2022-06-16T13:00:13,4,BRAND,PARTNERSHIP,ungrouped,1
Business of Fashion,Why Women’s Basketball Stars Are Finally Getting Big Sneaker Deals,https://www.businessoffashion.com/articles/sports/nike-adidas-wnba-signature-sneakers/,Nike’s upcoming launch with WNBA star A’ja Wilson is the latest in a wave of sponsorship and endorsement deals capitalising on the growing popularity of the sport.,[],2024-05-21T04:29:00,4,MARKETING,PARTNERSHIP,ungrouped,1
Business of Fashion,Nigeria’s Homecoming Festival Partners with Nike and Stüssy,https://www.businessoffashion.com/news/sports/nigerias-homecoming-festival-partners-with-nike-and-stussy/,"The annual event celebrating streetwear, music and art in Lagos will collaborate with international brands including on dedicated capsule collections and merch for this year’s edition, which is set to kick off on Apr. 7.",[],2023-04-06T10:53:19,4,MARKETING,PARTNERSHIP,ungrouped,1
Business of Fashion,Martine Rose on Fashion’s Football Obsession,https://www.businessoffashion.com/articles/sports/nike-martine-rose-football-world-cup/,The cult designer’s sellout tie-up with Nike for the US women’s national soccer team demonstrates the sport’s soaring star power and opportunity for brands to cash in on the Women’s World Cup.,[],2023-07-26T04:30:00,4,MARKETING,PARTNERSHIP,ungrouped,1
Glossy,Luxury Briefing: How Fanatics Fest became a centerpiece of the crossover of sports and culture,https://www.glossy.co/fashion/luxury-briefing-how-fanatics-fest-became-a-centerpiece-of-the-crossover-of-sports-and-culture/?utm_campaign=glossydis&utm_medium=rss&utm_source=general-rss,"Fanatics bills the festival as a sort of Comic Con for sports collectible fans. And much like Comic Con, where actual comic books are the ostensible focus, there is much more to Fanatics Fest than just trading cards. It’s becoming a significant branding opportunity for fashion and luxury brands seeking to target a high-value, sports-obsessed consumer.","['Fashion', 'Luxury', 'Glossy+', 'plus']",2025-07-09T04:02:00,4,MARKETING,PARTNERSHIP,ungrouped,1
Business of Fashion,Puma Announces Second Collaboration With Rihanna’s Fenty,https://www.businessoffashion.com/news/sports/puma-announces-second-collaboration-with-rihannas-fenty/,"“She’s back,” read a brief statement from Puma chief executive Arne Freundt in a one-line press release issued by the German sportswear giant on Wednesday, confirming the tie-up.",[],2023-03-01T15:15:38,4,BRAND,PARTNERSHIP,ungrouped,1
Business of Fashion,Hotels’ Luxury Brand Pop-Ups Are Creating the Ultimate Vacation Flex,https://www.businessoffashion.com/news/luxury/hotels-designer-pop-ups-vacation-four-seasons-dolce-gabbana/,"From Dolce & Gabbana lounge liners to Dior-branded buoys, the symbiotic strategy is tailor-made for social media.",[],2025-07-11T10:22:12,4,MARKETING,PARTNERSHIP,ungrouped,1
Business of Fashion,Boss Signs Deal with Aston Martin Racing Team As Formula One Heats Up,https://www.businessoffashion.com/news/sports/boss-signs-deal-with-aston-martin-racing-team-as-formula-one-heats-up/,"The German label will design the AMF1 team wardrobe, providing formal apparel and race wear for its drivers, as well as a travel wardrobe for the entire team.",[],2022-06-30T12:32:09,4,MARKETING,PARTNERSHIP,ungrouped,1
Business of Fashion,Does Under Armour Need Kevin Plank?,https://www.businessoffashion.com/articles/sports/under-armour-kevin-plank-steph-curry-ceo-change/,"When the American sportswear retailer announced the return of its controversial founder as CEO Wednesday, investors were perplexed. BoF unpacks why Plank may be back — and the challenges that lie ahead in his bid to transform its fortunes.",[],2024-03-19T05:27:00,4,INDUSTRY,,ungrouped,1
Glossy,Vogue faces new headwinds as Anna Wintour — who agency execs say made ad dollars flow — shifts focus,https://www.glossy.co/fashion/vogue-faces-new-headwinds-as-anna-wintour-who-agency-execs-say-made-ad-dollars-flow-shifts-focus/?utm_campaign=glossydis&utm_medium=rss&utm_source=general-rss,Anna Wintour's successor at Vogue will have to overcome the myriad of challenges facing fashion media and the digital publishing ecosystem.,['Fashion'],2025-07-03T04:00:00,4,INDUSTRY,,ungrouped,1
Business of Fashion,Can Puma Strike Gold Twice With Rihanna?,https://www.businessoffashion.com/briefings/sports/can-puma-strike-gold-twice-with-rihanna/,"The first Fenty x Puma tie-up wrote the textbook for successful celebrity-brand collaborations. The pair will have to work harder to get the same reception in a market that’s now saturated with sneaker launches, and where elegance is elbowing out streetwear on the runway.",[],2023-03-03T15:00:00,4,BRAND,PARTNERSHIP,ungrouped,1
Business of Fashion,June Ambrose on Leaving Puma and How Sports Changed Fashion,https://www.businessoffashion.com/articles/retail/puma-june-ambrose-basketball-f1/,"The acclaimed stylist and costume designer will leave her post as creative director for women’s basketball, where she elevated the stature of the sport in high fashion.",[],2023-12-21T05:30:00,4,MARKETING,PARTNERSHIP,ungrouped,1
Business of Fashion,Laneige Partners with WNBA Team Phoenix Mercury,https://www.businessoffashion.com/news/sports/laneige-phoenix-mercury-wnba-all-star-weekend-beauty/,"The K-beauty brand’s first venture into sports will launch at the WNBA All-Star Weekend later this month, amid a flurry of interest from fashion and beauty brands in women’s basketball.",[],2024-07-15T04:28:00,4,MARKETING,PARTNERSHIP,ungrouped,1
Business of Fashion,Louis Vuitton Signs French Rugby Star Antoine Dupont as Latest Ambassador,https://www.businessoffashion.com/news/sports/louis-vuitton-antoine-dupont-olympics-rugby-lvmh/,"Louis Vuitton has named French national rugby team captain Antoine Dupont as its latest ambassador, as part of parent company LVMH’s “premium partnership” with the Olympic and Paralympic Games taking place this summer in Paris.",[],2024-03-07T19:05:21,4,MARKETING,PARTNERSHIP,ungrouped,1
Business of Fashion,Swiss Sportswear Brand On Taps Zendaya as Latest Ambassador,https://www.businessoffashion.com/news/sports/swiss-sportswear-brand-on-taps-zendaya-as-latest-ambassador/,The American actress will co-produce brand campaigns and collaborate on one-off collections as the label continues its expansion beyond the running category.,[],2024-06-06T12:59:00,4,MARKETING,PARTNERSHIP,ungrouped,1
Business of Fashion,Adidas Places Yeezy Partnership Under Review,https://www.businessoffashion.com/news/sports/adidas-places-yeezy-partnership-under-review/,"The German sportswear giant has broken its silence over the dispute with Ye, the artist and designer formerly known as Kanye West, who accused the brand of effectively shutting him out of his namesake sneaker line in a series of now-deleted Instagram posts in August and early September.",[],2022-10-06T17:00:04,4,BRAND,PARTNERSHIP,ungrouped,1
Business of Fashion,The Logic Behind C.P. Company’s Manchester City Partnership,https://www.businessoffashion.com/articles/sports/the-high-stakes-of-manchester-citys-cp-company-partnership/,The reigning Premier League champions will wear the Italian brand’s clothing ahead of “away” Champions League games from next season onwards.,[],2024-07-11T04:27:00,4,MARKETING,PARTNERSHIP,ungrouped,1
Glossy,Why customer brand trips are core to Cocokind’s marketing strategy,https://www.glossy.co/pop/why-customer-brand-trips-are-core-to-cocokinds-marketing-strategy/?utm_campaign=glossydis&utm_medium=rss&utm_source=general-rss,"In January, Cocokind hosted seven longtime customers in the Napa Valley for a trip designed to give them experiences traditionally only afforded to influencers. It hosted another customer trip in June.","['Beauty', 'Pop', 'RevolutionBrandMarketingContentful']",2025-07-10T04:02:00,4,MARKETING,RETAIL STRATEGY,ungrouped,1
Business of Fashion,Fendi Inks Two-Year Deal with Italian Football Club AS Roma,https://www.businessoffashion.com/news/sports/fendi-inks-two-year-deal-with-italian-football-club-as-roma/,The LVMH-owned label will provide an official wardrobe for Roma’s first-team players for the 2022-23 and 2023-24 seasons.,[],2022-06-01T16:25:25,4,MARKETING,PARTNERSHIP,ungrouped,1
Business of Fashion,Seizing Fashion’s World Cup Opportunity,https://www.businessoffashion.com/briefings/sports/seizing-fashion-world-cup-opportunity-adidas-nike/,"As FIFA’s Women’s World Cup tournament continues, the chance for brands to get in front of its growing audience is exponential. That, and what else to watch for in The Week Ahead.",[],2023-07-30T12:00:00,4,MARKETING,PARTNERSHIP,ungrouped,1
Business of Fashion,Zegna Signs Partnership With Spanish Football Club Real Madrid,https://www.businessoffashion.com/news/sports/zegna-football-partnership-real-madrid/,"The Italian luxury menswear brand announced the tie-up, set to launch during the current 2022-2023 season, in a press release Wednesday.",[],2022-08-24T12:28:40,3,MARKETING,PARTNERSHIP,ungrouped,1
Glossy,How much does the social media backlash to the Sánchez-Bezos wedding matter to brands?,https://www.glossy.co/fashion/how-much-does-the-social-media-backlash-to-the-sanchez-bezos-wedding-matter-to-the-included-brands/?utm_campaign=glossydis&utm_medium=rss&utm_source=general-rss,"The polarizing reactions to the wedding beg the question: Is dressing the woman marrying the fourth-richest man in the world worth the backlash that seems inevitable with any obscene displays of wealth? For the luxury brands involved, the answer seems to be yes.","['Fashion', 'Luxury', 'Pop']",2025-07-04T04:00:00,3,BRAND,PARTNERSHIP,ungrouped,1
WWD,"EXCLUSIVE: ‘Puig, Home of Creativity’ Book Celebrates the Company’s 110-Plus Years",https://wwd.com/beauty-industry-news/beauty-features/puig-home-of-creativity-celebrates-companys-110-plus-years-1237977738/,"Published by Rizzoli, the tome will be sold starting Sept. 2 in select bookstores.","['Beauty Features', 'book', 'Puig', 'WWDBeautyInc']",2025-07-11T05:01:00,3,BRAND,NEW LAUNCH,ungrouped,1
Business of Fashion,The Debrief | How Fashion Learned to Love The Real Housewives,https://www.businessoffashion.com/podcasts/topics/the-debrief-how-fashion-learned-to-love-the-real-housewives/,"Once dismissed as lowbrow entertainment, “The Real Housewives” has quietly transformed into fashion’s guilty pleasure. Diana Pearl joins The Debrief to unpack how reality TV’s most famous franchise found itself embraced by brands, consumers and even luxury insiders.",[],2025-07-09T18:05:40,3,MARKETING,PARTNERSHIP,ungrouped,1
Business of Fashion,Glenn Martens Has Come to Save Us,https://www.businessoffashion.com/reviews/fashion-week/glenn-martens-has-come-to-save-us/,"His Artisanal debut at Maison Margiela was a gust of something — not so much fresh air as major food for thought, writes Tim Blanks.",[],2025-07-10T00:58:03,3,BRAND,NEW LAUNCH,ungrouped,1
Business of Fashion,Vuori Opens First International Flagship,https://www.businessoffashion.com/news/sports/vuori-opens-first-international-flagship/,"The store on London’s Regent Street represents the latest step in the California activewear brand’s expansion, after adding 20 new locations in the US this year alone.",[],2024-10-30T05:30:00,3,RETAIL,News,ungrouped,1
WWD,Rhode Escapes to a European Beach Club for the Summer,https://wwd.com/beauty-industry-news/beauty-features/rhode-beach-club-pop-up-spain-1237972280/,"Gray and eggshell yellow sun loungers, towels, ice cream treats and beach inflatables have popped up at the beach club Gran Folies in Majorca, Spain.","['Beauty Features', 'beauty', 'Hailey Bieber', 'pop-up']",2025-07-08T21:06:25,3,MARKETING,PARTNERSHIP,ungrouped,1
Beauty Independent,Swimwear Brand Elise x Elisia Pivots To Chic Body Care Addressing Common Skin Concerns,https://www.beautyindependent.com/swimwear-brand-elise-x-elisia-body-care-addressing-common-skin-concerns/,"Janel Livingstone, founder of swimwear brand Elise x Elisia , is turning her attention to body care with the launch of a new brand by the same name. Having personally dealt with acne and hyperpigmentation, she’s put a product addressing them at the heart of a body care regime. Elise x Elisia kicked off ... The post Swimwear Brand Elise x Elisia Pivots To Chic Body Care Addressing Common Skin Concerns appeared first on Beauty Independent .","['Brand Report', 'Black-owned brand', 'body', 'body care', 'elise x elisia', 'papaya', 'stoneway agency']",2025-07-09T19:00:53,3,BRAND,NEW LAUNCH,ungrouped,1
Business of Fashion,Lacoste to Sponsor Rolex Paris Masters Tennis Tournament,https://www.businessoffashion.com/news/sports/lacoste-to-sponsor-rolex-paris-masters-tennis-tournament/,The heritage French label is increasingly asserting its sporting credentials amid luxury brands’ growing interest in tennis over the past year.,[],2024-10-24T09:31:18,3,MARKETING,PARTNERSHIP,ungrouped,1
